{
  "project_info": {
    "project_number": "348431020077",
    "firebase_url": "https://beautyapp-e55a5-default-rtdb.firebaseio.com",
    "project_id": "beautyapp-e55a5",
    "storage_bucket": "beautyapp-e55a5.appspot.com"
  },
  "client": [
    {
      "client_info": {
        "mobilesdk_app_id": "1:348431020077:android:106a70390635456ee188a4",
        "android_client_info": {
          "package_name": "com.example.firstpage"
        }
      },
      "oauth_client": [
        {
          "client_id": "348431020077-sg24guji4nert1qi9mn2o4t9j4pt1re4.apps.googleusercontent.com",
          "client_type": 3
        }
      ],
      "api_key": [
        {
          "current_key": "AIzaSyDrdoURccS37Yw3-hTR0qQ-oYtZo4WhqBM"
        }
      ],
      "services": {
        "appinvite_service": {
          "other_platform_oauth_client": [
            {
              "client_id": "348431020077-sg24guji4nert1qi9mn2o4t9j4pt1re4.apps.googleusercontent.com",
              "client_type": 3
            }
          ]
        }
      }
    }
  ],
  "configuration_version": "1"
}